MÚSICA,ARTISTA,URI,REGIÃO
Festa Linda,['MC Kapela'],1KRMUEKZOh0x8GsaWBn339,SÃO PAULO
Paraíso Tropical,['Various Artists'],0eKQyaQbK3NvD7ksy7l25q,SÃO PAULO
Set DJay W 5,"['Djay W', 'Mc Vitão Do Savoy', 'MC Cebezinho']",4KoRt7H8GmOqMpfW8bWAPb,SÃO PAULO
SET DJ PEDRO 5.0,"['DJ Pedro', 'MC PV', 'MC G15']",5SR3UCUd1w1mu9FjZRp6uu,SÃO PAULO
Me Afoguei,['Various Artists'],66XUGKSyVgFbBUtvKgqLFs,SÃO PAULO
Set Dj Gm 4.0,['Various Artists'],1N6oQPKuRss4kpl4H2qt8K,SÃO PAULO
Ronco do Trovão,"['MC Cebezinho', 'MC Leozinho ZS', 'MC Ryan SP']",6jnhLVNruM8bJg9WbclKj8,SÃO PAULO
Louco e Sonhador,['MC Neguinho do Kaxeta'],6hdBsNsVESpjbnVClbUa3y,SÃO PAULO
Revoada do Tubarão,['MC Ryan SP'],0C1cJj3ZNCS75sojrcMhZV,SÃO PAULO
Um Brinde pra Nós,"['Hungria Hip Hop', 'Mc Lipi', 'Dj GM']",2B7EEPMfJWOG7VWpCkBtZy,SÃO PAULO
Coração Gelado,['Various Artists'],6pCjA2lKzvMGOeOzde3kEl,SÃO PAULO
Donos da Capital,"['Mc Kevin', 'MC Ryan SP', 'Mc Lele JP']",1qHOuyguj3oPBkd6MTnEO3,SÃO PAULO
Ilusão (Cracolândia),"['MC Hariel', 'Alok', 'MC Ryan SP']",6WXglvTFRmjlHHhgjYMNif,SÃO PAULO
Bebe e Vem Me Procurar / Quem Ama Sente Saudade (Ao Vivo),"['Turma do Pagode', 'Grupo Menos É Mais']",5A4DlgM68SnFSKImnMeiUH,SÃO PAULO
Vai Tomando Foguenta,['MC Yuri'],3SwHWvT7Uze9CqI5LJowv5,SÃO PAULO
Hit Periférico #2,['Various Artists'],0LmDFm7hLDSBRfr20VQT4u,SÃO PAULO
Troca de Calçada,['Marília Mendonça'],4AAIAVjSyiq1N7SXKkwXZe,SÃO PAULO
Revoar,"['Mc Davi', 'MC Ryan SP']",7e04kqyagyBHkburAhXdil,SÃO PAULO
Nunca Encontrei,"['Malibu', 'Grupo Menos É Mais', 'Ferrugem']",3HfCqsCsNIti28HMUqWJZK,SÃO PAULO
Paradigmas,['Jorge & Mateus'],158ukl5rih76dOEsp0I91H,SÃO PAULO
MODO TURBO,"['Luísa Sonza', 'Pabllo Vittar']",0YqTL3nSL36OFdHwHoqCag,SÃO PAULO
Conto as Horas,"['Salvador Da Rima', 'MC Ryan SP']",1jjmqxL4LmMpjEqOQCAZfT,SÃO PAULO
Playlist,['Mumuzinho'],6rftze5MC2y76ivrCPemqw,SÃO PAULO
SET DJ PEDRO 4.0 - Versão 1,['Various Artists'],22c2ZWKFN4iuLVqzHAKHST,SÃO PAULO
Banco De Areia,"['Maneva', 'MC Hariel']",3aOGPU1EbkxavCXguD6NgX,SÃO PAULO
Set Djay W 3,['Various Artists'],6fHnDKC4oWc1tzQzJoOCUy,SÃO PAULO
Adorei,['Grupo Menos É Mais'],6rfNbeEGCh8M5AAj879g0r,SÃO PAULO
Esquema Preferido - Ao Vivo,['Os Barões Da Pisadinha'],35qOGx1CWvCkQFOv4BkVIV,SÃO PAULO
Se Joga,"['MC Lemos', 'MC Paulin da Capital', 'Dj GM']",6F95AJ8vDJXFemy3jG4SxW,SÃO PAULO
Set 2.0: Homenagem aos Relíquias,['Various Artists'],566AZpR4FJErkhS3CmuaWu,SÃO PAULO
Deixa de Onda (Porra Nenhuma),"['DENNIS', 'Xamã', 'Ludmilla']",0DlHQxrVijRqVUfuS6PKaY,SÃO PAULO
"Não É Conselho, É Visão","['KayBlack', 'MC Ryan SP', 'Nagalli']",22LjfafJJbajmRvtsSTGcZ,SÃO PAULO
Amor ou o Litrão - Brega Funk,"['Mila', 'Petter Ferraz', 'Menor Nico']",4WcskbAX3wImaennFI79Ll,SÃO PAULO
Golpe Trocado,['Mc Frog'],0nGOQOcurYXEWKcWi2ZrQo,SÃO PAULO
Rainha da Favela,['Ludmilla'],3vu864xi5Xis9VfOsJpmXu,SÃO PAULO
Esquece de Me Esquecer,"['Zé Felipe', 'Gusttavo Lima']",1NXeltgzjQeiC4hbf2XNVr,SÃO PAULO
Nossa História,"['WC no Beat', 'MC Paulin da Capital', 'Costa Gold']",29GcD1l8nZVGPHj4l4UHB0,SÃO PAULO
Olha os Menor em Ação 2,"['MC Leozinho ZS', 'MC Joãozinho VT', 'MC V7']",14XZcQDw5LHK7XfVQiBnni,SÃO PAULO
LARISSA,"['PEDRO SAMPAIO', 'Luan']",1wowgtxmcxyIDGkQ8S28gL,SÃO PAULO
Meia Noite (Você tem meu Whatsapp),['Tarcísio do Acordeon'],6sPBi0qLI6KM3yXX56NxsA,SÃO PAULO
Set Djay W 4,['Various Artists'],77bKxn55OHxK3c6OzhEeYg,SÃO PAULO
M4,['Teto'],07AQkmp456NpEnT8HR7WLy,SÃO PAULO
"Obrigado, mãe Pt. 2","['Dfideliz', 'MC Hariel']",2NJgBeNOelkZHKHln2woMU,SÃO PAULO
Último Beijo,"['Bruno & Marrone', 'Wesley Safadão']",2pBEAodCImE4LgbKAG4bfz,SÃO PAULO
Até Na Transa Você Não Larga o Lança,"['Mc Kitinho', 'MC Luiggi', 'Mc Yago']",00I29V4jIc7hAifIn1mtnb,SÃO PAULO
Monstro Invisível,"['Sabotage', 'MC Hariel', 'DJ Kalfani']",2ginfOlYya4ufBRgkWFmwE,SÃO PAULO
"Ele É Ele, Eu Sou Eu",['Wesley Safadão'],7EWXP47VlXKO3r7mNxuWHw,SÃO PAULO
Mtg - Vem Sentando Vem (feat. Dj Nbeat) - Remix,"['MC 2jhow', 'MC Fahah', 'Mc Rennan']",2Xgc216OMnc9PyUalpaSPc,SÃO PAULO
Preto e Dinheiro,"['Kyan', 'Dfideliz', 'Mu540']",3kHxuY36nCmcKJ4GddBjIe,SÃO PAULO
Oclin e Evoque,"['Tropa do Bruxo', 'Djonga', 'MC Rick']",3PnDIGbfmswMaxX386zp3X,SÃO PAULO
Tô Fumando um Chá,"['MC Nandinho', 'DJ Biel Beats']",7aOPf0C61Y85RPdBgxcKoW,SÃO PAULO
Camisa do Grêmio,"['MC Meno K', 'DJ Neeh']",2rXIj8SkYrAWQ4Dn2oiupk,SÃO PAULO
Frutos,"['MC PH', 'Kyan']",0aThAcQRdEqXwlUAQT8Gto,SÃO PAULO
Sonhos,['Mc Kelvinho'],1SETLFmf0hBqv1qzHHmwZf,SÃO PAULO
Liberdade (Quando o Grave Bate Forte),"['Alok', 'Mc Don Juan', 'Dj GBR']",2QLbRVzixE282JSQjBz2DG,SÃO PAULO
Na Ponta do Pé 2,['Mc Livinho'],6G5z2fh5MfVErDCsJJKNwv,SÃO PAULO
Sexta Meu Celular Fica Sem Sinal,['Dj Guuga'],0KEQ21N1eQGZ6fjHTKqwZH,SÃO PAULO
Acabou a Água (feat. Mc Ygor Yanks),"['MC 3L', 'DJ J2', 'DJ PBeats']",7jFEykLSATTBHLCJXikHmD,SÃO PAULO
Bandida,['Pabllo Vittar'],2VFTgZwiAdrADSLrUNHWt9,SÃO PAULO
Poesia Acústica 10: Recomeçar,['Various Artists'],4pwFy4YPNGMxK2P2FfQfvt,SÃO PAULO
É Só Botada,"['MC Levin', 'Caverinha']",07c9lzwx1IIm101PnB4BZu,SÃO PAULO
Meu Corre,"['MC Caverinha', 'Djonga', 'Elenko Week']",0iTTbJikpkTpjn4FUwH9lW,SÃO PAULO
Faz a Pose,"['MC Teteu', 'MC Ks', 'Dj Serpinha']",1sTVKLLFDfAfowsG4bRBN4,SÃO PAULO
Cala A Boca Secador Palmeiras,"['Marlon Góes', 'Dá1zig']",3SSpWonqPv9wGwfjwbxAXl,SÃO PAULO
Esses Vícios,['Zé Neto & Cristiano'],2InUVOBY515umeuwdQtsQ4,SÃO PAULO
Sistema Obtuso,"['Criolo', 'Tropkillaz']",2IIWfrGNeZHvIoPeFXECRs,SÃO PAULO
Domingando - Ao Vivo,['Thiaguinho'],1DyuiZ9vg4VZUZjiPEJHoG,SÃO PAULO
Coração Na Cama,['Hugo & Guilherme'],2nZj5YymF54qhAu7RneVP6,SÃO PAULO
Super Ex - Ao Vivo,['Gusttavo Lima'],4sCgnIAtZWlMfY7h4h8dI0,SÃO PAULO
Separei,"['MC WM', 'Niack', ""MC's Jhowzinho & Kadinho""]",16uUeKOV7m51Vlx9oUIEvE,SÃO PAULO
Diretoria,['Various Artists'],7GZRAIZeUhexNB6dC147u1,SÃO PAULO
Hackearam-Me,"['Tierry', 'Marília Mendonça']",5NeBu4oKweDXIjhvYqtbLo,SÃO PAULO
Só Tapão Nervoso Vs Toma Catucada Violenta,['DJ DN'],2BEGTomoM88uGMOzRmZirl,SÃO PAULO
Amor ou o Litrão,"['Petter Ferraz', 'Menor Nico']",7qmnP8Woc47dLSrMD5MxL1,SÃO PAULO
Revoada de Ladrão,['Various Artists'],7oEXvxRHvBodsbxRzEsgx7,SÃO PAULO
100 Likes - Ao Vivo,"['Sorriso Maroto', 'Belo']",6kbC245NmdhHIz5tRnYa40,SÃO PAULO
Privilégio,"['MC Luan da BS', 'Mc Vitin do LJ', 'MC Marley']",2ASs0n7ukfyxAxDtdir4vF,SÃO PAULO
Facas - Ao Vivo,"['Diego & Victor Hugo', 'Bruno & Marrone']",1ere9b9vDw2N3m9d4uiXxa,SÃO PAULO
Esquema Preferido,['DJ Ivis'],27X3qzgB0Show6qfw5wNOK,SÃO PAULO
MUSA DO INVERNO,['Lagum'],4dyAtcaBVmMmnR5bwg3u50,SÃO PAULO
Tudo Indica (feat. Jorge & Mateus) - Ao Vivo,['Marcos & Belutti'],0eoMMLrWtXbLk64baeESkc,SÃO PAULO
Volta Marcada,"['Avine Vinny', 'Japinha Conde']",75CS36Nn8aetRR5eksZMbB,SÃO PAULO
Isca,"['Jonas Esticado', 'Wesley Safadão']",5zdIuIo9uQ2E8ly4rypcRi,SÃO PAULO
Cali Dreams (feat. The Beach),"['Vintage Culture', 'Fancy Inc', 'The Beach']",4S5uBAB6Jl4IsMzwBpt2Rf,SÃO PAULO
Azul Sem Fim,['Grupo Revelação'],6HA8gaQ27DPIYkEUxrucpm,SÃO PAULO
Oyá - Sorriso Negro - Ao Vivo,['Prettos'],6RfYsRGucJTyOjrM65vFSL,SÃO PAULO
Tristinha,['Ferrugem'],3gNhPpKri5wFDD3LbBp2LG,SÃO PAULO
Radar,['Gloria Groove'],0V4LaOkdQm1sJwNerXcxMl,SÃO PAULO
Fé no pobre louco,"['MC Marks', 'Mc Robs']",0e4wC7k1gI5g7bJoVSHRic,SÃO PAULO
Um Sabadão Desse Uma Lua Dessa,"['Mc Talibã', 'MC 3L']",3KfyRuNdcCGsZb15sqrXDA,SÃO PAULO
Teu Céu,['Melim'],5WexHsvZI4jPk1cyLtjWVr,SÃO PAULO
Você Não é de Bar - Ao Vivo,"['Fernando & Sorocaba', 'Guilherme & Benuto']",5KFEB8X5Xmpmsv5j8rHjML,SÃO PAULO
Gigante,['Kawe'],7rJK5hWRhsG40Ga9zp7DlO,SÃO PAULO
Quer Esquecer sua Ex Mulher Vem Pro Cabaré,"['Nêgo Jhá', 'Mc Pierre', 'Dj Guuga']",3xBYCXi1LBsQPGE08M3iAP,SÃO PAULO
Razão das Minhas Biritas,['Luíza & Maurílio'],3qqfukkcLElVkOWFyzHmSk,SÃO PAULO
Mega Rave Sem Chão,['Dj GBR'],7BF6gQYLwyObNDItOFyX6z,SÃO PAULO
Letícia,['Zé Vaqueiro'],2R1OgezGfBMeiAcMpJ1EkH,SÃO PAULO
Pulei na Piscina - Ao Vivo,['Guilherme & Benuto'],1uA7fD01YlQr1Rm0oyNB4H,SÃO PAULO
É Tudo Pra Ontem,"['Emicida', 'Gilberto Gil']",1FpjfHwVh1ziha91Ng2o4P,SÃO PAULO
Tudo Menos Isso,['Pixote'],0dxIWFmv5qPhYIEXJ2wFSx,SÃO PAULO
Dangerous - Extended Mix,['Lemex'],7B3ss8TF7kCkyEATOU9nl4,CURITIBA
Contradição,['Koda Leo'],6MkzVqpJPBMNg42uW5wHCF,CURITIBA
A Roça Venceu,['Antony & Gabriel'],45vmdvdyhA8zTffT9TqB6M,CURITIBA
Paradigmas,['Jorge & Mateus'],158ukl5rih76dOEsp0I91H,CURITIBA
Chave do Caminhão - Ao Vivo,['Léo & Raphael'],402OAo7HqfBRlekvQ3zpzs,CURITIBA
MEGAFUNK UM SABADÃO DESSE UMA LUA DESSA,['NobruDJ'],5Gkbjcqzv5O0g6NhAKT5rQ,CURITIBA
Coração Na Cama,['Hugo & Guilherme'],2nZj5YymF54qhAu7RneVP6,CURITIBA
Buzina - Ao Vivo,['Diego & Victor Hugo'],0yOYdil5IO9tW7wraM9C3r,CURITIBA
Esquece de Me Esquecer,"['Zé Felipe', 'Gusttavo Lima']",1NXeltgzjQeiC4hbf2XNVr,CURITIBA
Você Não é de Bar - Ao Vivo,"['Fernando & Sorocaba', 'Guilherme & Benuto']",5KFEB8X5Xmpmsv5j8rHjML,CURITIBA
Último Beijo,"['Bruno & Marrone', 'Wesley Safadão']",2pBEAodCImE4LgbKAG4bfz,CURITIBA
Troca de Calçada,['Marília Mendonça'],4AAIAVjSyiq1N7SXKkwXZe,CURITIBA
Camisa Preta,['Guilherme & Benuto'],29Ctas4IXYei0t9fGnnxgU,CURITIBA
Super Ex - Ao Vivo,['Gusttavo Lima'],4sCgnIAtZWlMfY7h4h8dI0,CURITIBA
Só de Sacanagem - Ao Vivo,['Israel & Rodolffo'],40zJaB3z53PGaxIkYyieBP,CURITIBA
Esses Vícios,['Zé Neto & Cristiano'],2InUVOBY515umeuwdQtsQ4,CURITIBA
Ilusão (Cracolândia),"['MC Hariel', 'Alok', 'MC Ryan SP']",6WXglvTFRmjlHHhgjYMNif,CURITIBA
Ex de Alguém - Ao Vivo,['Rayane & Rafaela'],1RgGlhBrccCM63CjvfXaR7,CURITIBA
Ô Moça,['MC Zaquin'],1mQOFRDoqI34LdN79PE0vH,CURITIBA
Amor ou o Litrão - Brega Funk,"['Mila', 'Petter Ferraz', 'Menor Nico']",4WcskbAX3wImaennFI79Ll,CURITIBA
MODO TURBO,"['Luísa Sonza', 'Pabllo Vittar']",0YqTL3nSL36OFdHwHoqCag,CURITIBA
Golpe Trocado,['Mc Frog'],0nGOQOcurYXEWKcWi2ZrQo,CURITIBA
Razão das Minhas Biritas,['Luíza & Maurílio'],3qqfukkcLElVkOWFyzHmSk,CURITIBA
Cali Dreams (feat. The Beach),"['Vintage Culture', 'Fancy Inc', 'The Beach']",4S5uBAB6Jl4IsMzwBpt2Rf,CURITIBA
Da Cama Pro Coração,"['Ciro Netto e Manuel', 'Guilherme & Benuto']",7lc3EORoGIEpQmZPMeoQKg,CURITIBA
Volta Marcada,"['Avine Vinny', 'Japinha Conde']",75CS36Nn8aetRR5eksZMbB,CURITIBA
Mega Funk - Summer Set 2020,['DJ Philipe Sestrem'],4p7pfUKJZeBm601bOmVjB0,CURITIBA
4G,['Max e Luan'],0Xyai3VqkT2sujXvF58zDQ,CURITIBA
Amor da Despedida,"['Os Barões Da Pisadinha', 'Fernando & Sorocaba']",0WlmiIK5qFQ4dAB4mCA4sI,CURITIBA
Camisa do Grêmio,"['MC Meno K', 'DJ Neeh']",2rXIj8SkYrAWQ4Dn2oiupk,CURITIBA
Na Ponta do Pé 2,['Mc Livinho'],6G5z2fh5MfVErDCsJJKNwv,CURITIBA
MUSA DO INVERNO,['Lagum'],4dyAtcaBVmMmnR5bwg3u50,CURITIBA
MEGA FUNK - BATIDA DE SC,['DJ Bratti SC'],0IyrulKusSMDtMgfdw71Rv,CURITIBA
Vaquinha,['Luccas & Leonardo'],6PAgEnGbbFcP4J6SosqEHS,CURITIBA
Deixa de Onda (Porra Nenhuma),"['DENNIS', 'Xamã', 'Ludmilla']",0DlHQxrVijRqVUfuS6PKaY,CURITIBA
Rainha da Favela,['Ludmilla'],3vu864xi5Xis9VfOsJpmXu,CURITIBA
LARISSA,"['PEDRO SAMPAIO', 'Luan']",1wowgtxmcxyIDGkQ8S28gL,CURITIBA
Tudo Indica (feat. Jorge & Mateus) - Ao Vivo,['Marcos & Belutti'],0eoMMLrWtXbLk64baeESkc,CURITIBA
"Ele É Ele, Eu Sou Eu",['Wesley Safadão'],7EWXP47VlXKO3r7mNxuWHw,CURITIBA
Bebe e Vem Me Procurar / Quem Ama Sente Saudade (Ao Vivo),"['Turma do Pagode', 'Grupo Menos É Mais']",5A4DlgM68SnFSKImnMeiUH,CURITIBA
Privilégio,"['MC Luan da BS', 'Mc Vitin do LJ', 'MC Marley']",2ASs0n7ukfyxAxDtdir4vF,CURITIBA
Vou Valendo - Ao Vivo,['George Henrique & Rodrigo'],4OujRBkm3MgW8GzdGkefbW,CURITIBA
Vai Tomando Foguenta,['MC Yuri'],3SwHWvT7Uze9CqI5LJowv5,CURITIBA
Crédito,['João Gustavo e Murilo'],75XkdiDbE77G7avTZnEDLB,CURITIBA
Separei,"['MC WM', 'Niack', ""MC's Jhowzinho & Kadinho""]",16uUeKOV7m51Vlx9oUIEvE,CURITIBA
Ponta Solta,['Maiara & Maraisa'],1dSA6OgpgpMpvJJbPbYADU,CURITIBA
Mtg - Vem Sentando Vem (feat. Dj Nbeat) - Remix,"['MC 2jhow', 'MC Fahah', 'Mc Rennan']",2Xgc216OMnc9PyUalpaSPc,CURITIBA
Vou Revelar,['Atitude 67'],78hoT53X4ucU9BO5f9hznY,CURITIBA
Um Brinde pra Nós,"['Hungria Hip Hop', 'Mc Lipi', 'Dj GM']",2B7EEPMfJWOG7VWpCkBtZy,CURITIBA
Oclin e Evoque,"['Tropa do Bruxo', 'Djonga', 'MC Rick']",3PnDIGbfmswMaxX386zp3X,CURITIBA
Isca,"['Jonas Esticado', 'Wesley Safadão']",5zdIuIo9uQ2E8ly4rypcRi,CURITIBA
M4,['Teto'],07AQkmp456NpEnT8HR7WLy,CURITIBA
Meia Noite (Você tem meu Whatsapp),['Tarcísio do Acordeon'],6sPBi0qLI6KM3yXX56NxsA,CURITIBA
Um Dia de Você e Eu,"['Montenegro', 'Jorge']",6nif74PCtvUn1DA9CEmHCp,CURITIBA
Rendição,['Abba Musica'],7bLvxmRkZlFKQcPIVQIefm,CURITIBA
Festa Linda,['MC Kapela'],1KRMUEKZOh0x8GsaWBn339,CURITIBA
Para Raio - Ao Vivo,['Diego & Arnaldo'],4DrqASok6iWYIhkPxrw7u9,CURITIBA
Amor ou o Litrão,"['Petter Ferraz', 'Menor Nico']",7qmnP8Woc47dLSrMD5MxL1,CURITIBA
Acertou na Mosca,['Tierry'],0SlCt3S4bEGUPo07yZIlQP,CURITIBA
Ménage,"['MC JottaPê', 'Tainá Costa', 'POCAH']",7LAqIzg7r71bmfGzviayG3,CURITIBA
Liberdade (Quando o Grave Bate Forte),"['Alok', 'Mc Don Juan', 'Dj GBR']",2QLbRVzixE282JSQjBz2DG,CURITIBA
Faz a Pose,"['MC Teteu', 'MC Ks', 'Dj Serpinha']",1sTVKLLFDfAfowsG4bRBN4,CURITIBA
Mega Funk Isso é Fluxo,['Fluxo Produções'],3JOk6d68KxLW9hQeicycr1,CURITIBA
Marca de Batom - Ao Vivo,['André Luiz & Gustavo'],2277cHOe26axpDb8AifqIr,CURITIBA
Escolhe,['João Gabriel'],72HFjOzjkXnOc37fAlmXNB,CURITIBA
Possessiva,['Melim'],0VHeOC6yTULbu4hEm5q6sH,CURITIBA
Esquema Preferido,['DJ Ivis'],27X3qzgB0Show6qfw5wNOK,CURITIBA
Louco e Sonhador,['MC Neguinho do Kaxeta'],6hdBsNsVESpjbnVClbUa3y,CURITIBA
Mega Funk Alô Ambev,['DJ Ghost Floripa'],4GZcYFGhljREyHHzW3DCVX,CURITIBA
É Só Botada,"['MC Levin', 'Caverinha']",07c9lzwx1IIm101PnB4BZu,CURITIBA
Amor de Balada,"['MC Kekel', 'Mc Don Juan']",774NkezhwRr3kvYd3IQvFj,CURITIBA
Quem Ama Bloqueia,['MC Rick'],5PaS0Kb9u2zhDGeKOUGvXG,CURITIBA
Chuck Berry,['Black Alien'],23fd5EB9vHXNxDQQxikpEF,CURITIBA
O Tempo Não Espera Ninguém,['Michel Teló'],5Gq1J4Vi18CuaqC5y3ICEZ,CURITIBA
Morena,"['MC Paulin da Capital', 'Dj GM']",2W0VenqvlMW4c65YsxT5zu,CURITIBA
Natalia,['Enzo Rabelo'],2Dk23qo2rzJlO8mlKWsbbd,CURITIBA
Made In Coração - Ao Vivo,['Matheus Gabriel'],1Y336S16A8sj8OwGCYmXKh,CURITIBA
Como Se Tá Maravilhosa,"['Mc Lipi', 'Mc Dricka']",0eLCuW89pb6I3BC0NMGHFW,CURITIBA
Paraíso da Revoada,"['MC Ryan SP', 'Dj Gabriel do Borel']",15PW92VF2PYTODv1sHgXpD,CURITIBA
Prints,['Gabi Martins'],7x9kGxiyFxQjMZYbzw1yMx,CURITIBA
Poesia Acústica 10: Recomeçar,['Various Artists'],4pwFy4YPNGMxK2P2FfQfvt,CURITIBA
Oh My God,"['Edy Lemond', 'Dj Guuga', 'DJ Lucas Beat']",0lxmZ4evzbuphwYIj8Kqr0,CURITIBA
Até Na Transa Você Não Larga o Lança,"['Mc Kitinho', 'MC Luiggi', 'Mc Yago']",00I29V4jIc7hAifIn1mtnb,CURITIBA
Nossa História,"['WC no Beat', 'MC Paulin da Capital', 'Costa Gold']",29GcD1l8nZVGPHj4l4UHB0,CURITIBA
Adorei,['Grupo Menos É Mais'],6rfNbeEGCh8M5AAj879g0r,CURITIBA
Não Me Negue,['Allana Macedo'],67I9GYwgsDUPiyzlgd6XSz,CURITIBA
Cuidado Que Eu Te Supero,['Yasmin Santos'],5J4tK2FbXQEeC0AsfFgwpz,CURITIBA
Só Tapão Nervoso Vs Toma Catucada Violenta,['DJ DN'],2BEGTomoM88uGMOzRmZirl,CURITIBA
Mega Funk dos Ex,"['DJ Jonatas Felipe', 'Fluxo Produções']",7fpZDz5GuJbZo8rEnnR8lZ,CURITIBA
Set 2.0: Homenagem aos Relíquias,['Various Artists'],566AZpR4FJErkhS3CmuaWu,CURITIBA
Se Ela Tiver Como Eu,['João Marcos & Danilo'],0c8CiaZVluQabes2kxwJAk,CURITIBA
Um Sabadão Desse Uma Lua Dessa,"['Mc Talibã', 'MC 3L']",3KfyRuNdcCGsZb15sqrXDA,CURITIBA
O Golpe tá aí Cai Quem Quer,['Dj Guuga'],5kZCL0ezvt1EEDyPojBPWH,CURITIBA
Revoar,"['Mc Davi', 'MC Ryan SP']",7e04kqyagyBHkburAhXdil,CURITIBA
Save Me Now,"['Cat Dealers', 'Guz Zanotto', 'Moore']",224k4h5vTiKWhEpmZb16hM,CURITIBA
Sogra - Ao Vivo,['Dilsinho'],4zsiMjB0794HztyqUkD3Zi,CURITIBA
Monstro Invisível,"['Sabotage', 'MC Hariel', 'DJ Kalfani']",2ginfOlYya4ufBRgkWFmwE,CURITIBA
Oh Juliana,['Niack'],4xWzZmX4K1yyrdtRfbUvjt,CURITIBA
Time,"['Chemical Surf', 'Dubdisko']",7yd2juG2UAETeptVdtFAzs,CURITIBA
Tô Fumando um Chá,"['MC Nandinho', 'DJ Biel Beats']",7aOPf0C61Y85RPdBgxcKoW,CURITIBA
I Love You Too - Ao Vivo,['Ludmilla'],5NnXWsezmRvC5oxhguptYl,RIO DE JANEIRO
Namorar Não Pode,"['Rennan da Penha', 'Mc Max']",1RLrZnrr5nz64c7FrmSWfz,RIO DE JANEIRO
Coro Com Coça,"['Mc Urubuzinho', 'DJ Wesley 22']",08zYEIOJZSRwPySFeWyo1G,RIO DE JANEIRO
Assault (Angra),"['Mainstreet', 'Orochi', 'Borges']",0In8P4w9CvupkqGBuyHTLv,RIO DE JANEIRO
Camisa da França,"['PL Quest', 'Mainstreet', 'Sueth']",3suLdq5ZeXRrhpsYIMWrAQ,RIO DE JANEIRO
XRE,"['Azevedo', 'Mainstreet', 'PL Quest']",1mn5rvpJJyghyGA7XQwmJc,RIO DE JANEIRO
PPTN,['L7NNON'],4jbq7IzxE5kFvBjKdXXH7e,RIO DE JANEIRO
Casa do amor,['Ferrugem'],6RkVmGUAM1X6ExtX4BWVJQ,RIO DE JANEIRO
Saturno,"['BIN', 'Mainstreet', 'Ajaxx']",68cPbG7hJnwDW9nPX1uQcX,RIO DE JANEIRO
Até de Manhã,"['Orochi', 'Mainstreet', 'jess beats']",4U8MZkasPn6VfwlwG3egGt,RIO DE JANEIRO
Trilogia: Você Vai Perder Essa Mulher,['Various Artists'],5JfzcxP8UWCrEBV9cePvcf,RIO DE JANEIRO
Por Favor,['Gamadinho'],06prvaw9p3XRhGRRMIi3N2,RIO DE JANEIRO
Bom dia a Tropa te Chamou pra Piscina - Clean Edit,['DJ ANDRE DE CG'],7GKSa74x4xBRXrbOMR6LaN,RIO DE JANEIRO
Me Explica,"['Mc Th', 'Dj Terrorista', 'DJ Alex da Baixada']",7MyfyChYKZksWvLSldpm57,RIO DE JANEIRO
Poesia Acústica 10: Recomeçar,['Various Artists'],4pwFy4YPNGMxK2P2FfQfvt,RIO DE JANEIRO
Deixa de Onda (Porra Nenhuma),"['DENNIS', 'Xamã', 'Ludmilla']",0DlHQxrVijRqVUfuS6PKaY,RIO DE JANEIRO
Capricórnio,['Xamã'],5mHhrEatZDAqEAbaWT3Fy0,RIO DE JANEIRO
Nunca Encontrei,"['Malibu', 'Grupo Menos É Mais', 'Ferrugem']",3HfCqsCsNIti28HMUqWJZK,RIO DE JANEIRO
Playlist,['Mumuzinho'],6rftze5MC2y76ivrCPemqw,RIO DE JANEIRO
Mudando o Jogo,['BK'],0n7hX17pcm1rTyORz3ej38,RIO DE JANEIRO
Fragrância,"['MD Chefe', 'PL Quest']",1aYyAdWXqCraA5SV2djrNw,RIO DE JANEIRO
Lance Criminoso (feat. BK),"['Papatinho', 'Xamã', 'MC Cabelinho']",2jZJ5d0KCiTP6de1NjyHPl,RIO DE JANEIRO
Adorei,['Grupo Menos É Mais'],6rfNbeEGCh8M5AAj879g0r,RIO DE JANEIRO
Vai Calica,"['Mc KF', 'Kim Quaresma', 'DJ Biel do Anil']",1YZrsJT2M6fccAbxosEjha,RIO DE JANEIRO
Debochando da Mídia,"['MC Maneirinho', 'L7NNON', 'Ian Girão']",24cOHkrtGGQmKvA8R9BNin,RIO DE JANEIRO
A Noite,"['Long beatz', 'Xamã', 'Ryan Realcria']",5179CPSuNgVlFcZgM1JUw2,RIO DE JANEIRO
100 Likes - Ao Vivo,"['Sorriso Maroto', 'Belo']",6kbC245NmdhHIz5tRnYa40,RIO DE JANEIRO
MNB Quase Acústico #4 - Coisa Louca,"['Mãolee', 'BIN', 'Morcego']",5xZievUl0JyuxQEDIuxoGM,RIO DE JANEIRO
Azul Sem Fim,['Grupo Revelação'],6HA8gaQ27DPIYkEUxrucpm,RIO DE JANEIRO
Ela É Debochada,['DJ Dentinho do Escadão'],4fTbLlFxDzSXuegk7ZU4L4,RIO DE JANEIRO
Pedaço de Mim,"['OIK', 'BIN', 'IssoQueÉSomDeRap']",2fEgPCDD0qRvZeVrY381EW,RIO DE JANEIRO
LARISSA,"['PEDRO SAMPAIO', 'Luan']",1wowgtxmcxyIDGkQ8S28gL,RIO DE JANEIRO
Radar,['Gloria Groove'],0V4LaOkdQm1sJwNerXcxMl,RIO DE JANEIRO
Castelo de um Quarto Só / Final de Tarde / Com Humildade / Abrigo - Live,['Vitor Limma'],0r1Sgomd5EzZGYTHDrWF8I,RIO DE JANEIRO
Era uma Vez,['Thiaguinho'],04dm57fsY83pu28krebOai,RIO DE JANEIRO
MODO TURBO,"['Luísa Sonza', 'Pabllo Vittar']",0YqTL3nSL36OFdHwHoqCag,RIO DE JANEIRO
Mina Mercenária (feat. DJ DN do Dick),['MC KA5'],55KtVVVPYEDAGbjYJ6eM10,RIO DE JANEIRO
Meia Noite (Ce Tem Meu Whatsapp) - Ao Vivo,['Os Barões Da Pisadinha'],7as7OL7cmgFZDADgVjQZjz,RIO DE JANEIRO
Metade de Mim,['Binho Simões'],3gXDhWJcxucafgb5rtFdiy,RIO DE JANEIRO
Possessiva,['Melim'],0VHeOC6yTULbu4hEm5q6sH,RIO DE JANEIRO
Jogar Pra Tropa,"['POCAH', 'DENNIS']",4QaBk5kZX6kpTHM2AZiM4q,RIO DE JANEIRO
360,"['LUCK MUZIK', 'MC Mirella', 'Rennan da Penha']",5WzKvIMbCRZn3epiBxrYig,RIO DE JANEIRO
The Box Medley,"['THE BOX', 'Bruxo 021', 'Martelin']",3x5kMjAkFbjEtL1aB7LvZd,RIO DE JANEIRO
Camisa do Flamengo,"['MC Meno K', 'DJ 2L da Rocinha']",7AjPEsSw5XH8Prczu0ADY6,RIO DE JANEIRO
Ida e volta,['Suel'],6jSwfkOV4LYjsLpdEK7FdJ,RIO DE JANEIRO
Hitzão da Porra,['Mc Rebecca'],6WIP2ysmvfkPyAc4c2bD6O,RIO DE JANEIRO
Babalu - Remix,['MC Kevin o Chris'],0DZ5OCPdJaQeXh0Lsz6c9y,RIO DE JANEIRO
Pode Entrar,['Quinteto S.A.'],0GqK4jUi9eLlkntJXMeLaV,RIO DE JANEIRO
"Seu Gostoso, Rebola e Joga (feat. Mc Ká de Paris, Dj Novinho do Jaca & DJ Lula do Jaca)",['Mc Juninho FSF'],7bXYz8VjWW5xKFY4fAkJ6U,RIO DE JANEIRO
Chato Pa Carai / Recaída / Vai Me Dando Corda / Salseiro / Ninguém É Dono de Ninguém - Ao Vivo,"['Vou Zuar', 'Grupo Menos É Mais']",7pK4HfptJem9oBME3QDXYm,RIO DE JANEIRO
Já Tentei - Ao Vivo,['Vou pro Sereno'],6JIhgAuKTkKsvJkFUGmoRU,RIO DE JANEIRO
Tudo Menos Isso,['Pixote'],0dxIWFmv5qPhYIEXJ2wFSx,RIO DE JANEIRO
Swing Sinistrão - Ao Vivo,['Bom Gosto'],0fme3Ol1Jdf86JUVeEYjqt,RIO DE JANEIRO
Bandida,['Pabllo Vittar'],2VFTgZwiAdrADSLrUNHWt9,RIO DE JANEIRO
Já Não Dá,['Fabinho'],2kK0zpbk5TdHFny3hxadyK,RIO DE JANEIRO
Ainda,['MC Cabelinho'],6HBVjJrwAIfj6sXMymSn4k,RIO DE JANEIRO
Tô Achando Que É Amor,['Péricles'],6wxA0qL1H72IMbqCgdkK6R,RIO DE JANEIRO
Marra de Durão,['Grupo Clareou'],7g1HOdrkEpyX039t4jdL9P,RIO DE JANEIRO
Princesinha - Ao Vivo,['Di Propósito'],1NT60UCx5DulzPxw3OyXOb,RIO DE JANEIRO
Nega - Ao Vivo,['Caju Pra Baixo'],2upDHxlxx8xFks4I0yOQE8,RIO DE JANEIRO
M4,['Teto'],07AQkmp456NpEnT8HR7WLy,RIO DE JANEIRO
Dorme Com Deus - Ao Vivo,['Tá Na Mente'],29x19EWLWMB1sn8WD5iynZ,RIO DE JANEIRO
Faixa Rosa,['Azzy'],1DoaY4rjTCk5cUEUTU2pq3,RIO DE JANEIRO
Sensualize (EAZY),['Mc Zaac'],5mqK5MhiUVFTBbfBHjfBPw,RIO DE JANEIRO
Reticências - Ao Vivo,['Guga Nandes'],4ilNUCeaT6nPcitiNSB6A0,RIO DE JANEIRO
Vida de Rei,['Tz da Coronel'],7dTWdIfi4ywqquu0aJCrad,RIO DE JANEIRO
Quebrar Seu Coração (feat. Luísa Sonza),['Lexa'],3K9ruAxOYy8PDRHz85He2T,RIO DE JANEIRO
Só Pitbull de Raça,"['MC Dukenny', 'Dj Samrio']",1fGlELJhiiYOCel2ihF4uP,RIO DE JANEIRO
762,['Bruxo 021'],3uU0AKrbDe5dPor1JmyRTp,RIO DE JANEIRO
Quarto Andar,"['As Baías', 'Luísa Sonza']",36c4HvLO5dSENBlR6raezH,RIO DE JANEIRO
Bebe e Vem Me Procurar / Quem Ama Sente Saudade (Ao Vivo),"['Turma do Pagode', 'Grupo Menos É Mais']",5A4DlgM68SnFSKImnMeiUH,RIO DE JANEIRO
Set Dj Br da Tijuca,"['BR DA TIJUCA', 'Felp 22', 'Mc Th']",3ezOMmQ3UYhyp6kRlDV5Gq,RIO DE JANEIRO
Máquina do Tempo,['Matuê'],5oI9blwsXC8AkTWw6wASY8,RIO DE JANEIRO
Misturados - Ao Vivo,['Dilsinho'],11YmUhvzX9My9Ey0gz2kRq,RIO DE JANEIRO
Camisa de Força,['Chininha'],71CvQR1JA3Dp18s2aUu7Ir,RIO DE JANEIRO
Meia Noite (Você tem meu Whatsapp),['Tarcísio do Acordeon'],6sPBi0qLI6KM3yXX56NxsA,RIO DE JANEIRO
Amante - Acústico,['Maquiny'],0EyHV5Vv9WiwqgtPJLq4al,RIO DE JANEIRO
Noite das Safadas,['Mc Thay RJ'],7MzrIZwgEyxTR80QLrzqvm,RIO DE JANEIRO
Por Causa Dela,['Pk'],7CeCZwsaawd43ciZYgypJZ,RIO DE JANEIRO
Xeque-Mate (feat. Paiva Prod),"['IGOR', 'Hyperanhas', 'Pedro Lotto']",2Se6ItuMZiqQ2jZkwXzOO6,RIO DE JANEIRO
Caçando Tesouro,"['A Banca Records', 'Pk', 'Orochi']",4RC7vpeUYzx6kChixUpTNs,RIO DE JANEIRO
CALIFORNIA / Citação: De Repente California,['Vitão'],2NqnAaUTmSl7JqYysspvfl,RIO DE JANEIRO
Preto de Gueto,"['Borges', 'Mainstreet']",3tQNUzUTGK0i8IBFQZ30Nv,RIO DE JANEIRO
Não Rolou,['Thiago Martins'],77gLLB7oMENehOFxIUfe3w,RIO DE JANEIRO
Ajoelha e Chora,['Grupo Sem Abuso'],660rHBxt0Dhb12raekVEDe,RIO DE JANEIRO
É o Que Eu Mereço,['Belo'],1iAlmiS4rsofp7zTx1LhCY,RIO DE JANEIRO
Não Volto Atrás,"['Gaab', 'Dilsinho']",3yP5tFW7SH59VwjLqp1Fk5,RIO DE JANEIRO
Dentro de Você,"['Filipe Ret', 'MC Kevin o Chris']",15kW9fqlnorhFhzJosKu0F,RIO DE JANEIRO
Troca de Calçada,['Marília Mendonça'],4AAIAVjSyiq1N7SXKkwXZe,RIO DE JANEIRO
Do Crime ao Funk,"['Bielzin', 'Mc Poze do Rodo', 'Mãolee']",2RTYc5fDW0QyiqtxeR6Ajz,RIO DE JANEIRO
Essa mina,"['KT Gomez', 'Sensei Songs']",19jLa3Buposa59mlSCnUQ4,RIO DE JANEIRO
"Ele É Ele, Eu Sou Eu",['Wesley Safadão'],7EWXP47VlXKO3r7mNxuWHw,RIO DE JANEIRO
Insegurança Zero - A Mãe Tá On,['Karinah'],0RXM4Hf0dQqN4Nei6kZyeb,RIO DE JANEIRO
Amor ou o Litrão,"['Petter Ferraz', 'Menor Nico']",7qmnP8Woc47dLSrMD5MxL1,RIO DE JANEIRO
Cali Dreams (feat. The Beach),"['Vintage Culture', 'Fancy Inc', 'The Beach']",4S5uBAB6Jl4IsMzwBpt2Rf,RIO DE JANEIRO
SEM LIMITES,['WC no Beat'],3JZwQT1rIxU3wdtF7eneee,RIO DE JANEIRO
Acima da Média - Ao Vivo,['Sudario'],7nRET1piXhIZwfx4YR1xBu,RIO DE JANEIRO
Bota Pra Tocar Tim Maia,['Diogo Nogueira'],0qijcGA688RH4Ef544PuqI,RIO DE JANEIRO
Inoperante - Ao Vivo,['Tiee'],2LmFOl8Yd6tl6uzLxHWTfd,RIO DE JANEIRO
Amor ou o Litrão - Brega Funk,"['Mila', 'Petter Ferraz', 'Menor Nico']",4WcskbAX3wImaennFI79Ll,RIO DE JANEIRO
Elas gosta assim,['DJ Ws da Igrejinha'],2Ce6nvePtphYrkgK7QtFL6,BELO HORIZONTE
"Bandido de 18 2,0",['MC Saci'],2dFvHYMpCToOXEejM5Twbl,BELO HORIZONTE
Bandido de 18,['Dj Gui Marques'],0IRBVF2qauNWatsUcrXpJp,BELO HORIZONTE
Dorzinha Boa,['Julia Avelin'],6pKryJcaJGMZWgDjdqKp2j,BELO HORIZONTE
Quem Ama Bloqueia,['MC Rick'],5PaS0Kb9u2zhDGeKOUGvXG,BELO HORIZONTE
Mega Do Trava 04-Fica De 4Menina,['Dj Wesley Gonzaga'],6zcpFvsw5Czh7GRdfAmchx,BELO HORIZONTE
Rebola Lentinho,"['Mc Kaio', 'MC Rick']",3bcJIkPhkmoiF31lcHZ96t,BELO HORIZONTE
Degustar,"['MC Vitin LC', 'DJ Swat']",2k9vmCz8LOVPjk7bBuesbZ,BELO HORIZONTE
Joga no Lomotif,"['Mc Tolent', 'DJ KIK PROD']",3RIF08Qa79GdQ1qeAIN37d,BELO HORIZONTE
Gostosa,"['MC Luan da BS', 'MC Rick']",3KCCh1d8BqlSuAxcrNrzAt,BELO HORIZONTE
Vida Do Crime 002,['Dj Tg Da Inestan'],3t1ZG5PN5pmQQ8OCMirkDb,BELO HORIZONTE
Tanto Faz,"['MC L da Vinte', 'Mc Kaio']",4iEGCa4JYv16aSp05SxXwn,BELO HORIZONTE
Balada do Buteco - Ao Vivo,['Gusttavo Lima'],1x0Uv7gDZfx6jhb4IN4DIx,BELO HORIZONTE
Mega Doug #02,"['DJ KIK PROD', 'MC Saci', 'MC Vitin LC']",6HrIKxOGOXkLBxAPVMLFuc,BELO HORIZONTE
Esquece de Me Esquecer,"['Zé Felipe', 'Gusttavo Lima']",1NXeltgzjQeiC4hbf2XNVr,BELO HORIZONTE
Esquema Preferido - Ao Vivo,['Os Barões Da Pisadinha'],35qOGx1CWvCkQFOv4BkVIV,BELO HORIZONTE
Conversa Fiada,['Lamparina e A Primavera'],6r4NNOFLKjjsqdK6fq4qoY,BELO HORIZONTE
Ela É um Perigo,['Mc DB'],1C22MPsBUPrg6bttSLWx6y,BELO HORIZONTE
Paradigmas,['Jorge & Mateus'],158ukl5rih76dOEsp0I91H,BELO HORIZONTE
Bh no Topo 5,"['Mc Anjim', 'MC Rick', 'MC Saci']",51GAnsZ7i3XzCcLRq06KHR,BELO HORIZONTE
Mega dos Canalha,"['Dj Veras', 'MC Saci']",2Hp5jaSUXNIY08v3dQmnpl,BELO HORIZONTE
Mega das Blogueiras,['Various Artists'],0Oq7iEhC6hL4tHsd0z1RTK,BELO HORIZONTE
Me Toca,['Marina Sena'],2uSeVS09DW8FnBgc61eHDW,BELO HORIZONTE
De Kenner,"['FBC', 'VHOOR']",6mbCl4KA5Sn61Oya0v8tJX,BELO HORIZONTE
MUSA DO INVERNO,['Lagum'],4dyAtcaBVmMmnR5bwg3u50,BELO HORIZONTE
Conteúdo Adulto,['Dj Dg Do Rb'],1WMHu9DICyouJntRUyjC4m,BELO HORIZONTE
Sai Da Fila,['Dj Vitin do Pc'],7pI4oWMztwNv1LCEEV4HjA,BELO HORIZONTE
Ô Moça,['MC Zaquin'],1mQOFRDoqI34LdN79PE0vH,BELO HORIZONTE
Troca de Calçada,['Marília Mendonça'],4AAIAVjSyiq1N7SXKkwXZe,BELO HORIZONTE
Só de Sacanagem - Ao Vivo,['Israel & Rodolffo'],40zJaB3z53PGaxIkYyieBP,BELO HORIZONTE
Set Dj Cayoo,['Various Artists'],0UHKHEwM51d8mbugnEdf3N,BELO HORIZONTE
Buzina - Ao Vivo,['Diego & Victor Hugo'],0yOYdil5IO9tW7wraM9C3r,BELO HORIZONTE
Catucadão,"['MC Braian', 'MC Vitin LC', 'DJ Swat']",6ZjLYU3UBNPn1hi8pIW1OX,BELO HORIZONTE
Coração Na Cama,['Hugo & Guilherme'],2nZj5YymF54qhAu7RneVP6,BELO HORIZONTE
Volta Marcada,"['Avine Vinny', 'Japinha Conde']",75CS36Nn8aetRR5eksZMbB,BELO HORIZONTE
Meia Noite (Você tem meu Whatsapp),['Tarcísio do Acordeon'],6sPBi0qLI6KM3yXX56NxsA,BELO HORIZONTE
Oclin e Evoque,"['Tropa do Bruxo', 'Djonga', 'MC Rick']",3PnDIGbfmswMaxX386zp3X,BELO HORIZONTE
Mega anos 80 Beco da Maria,['Os Gemeos da Putaria'],4GPMYWjY3Xllk1F6E5vYuV,BELO HORIZONTE
Último Beijo,"['Bruno & Marrone', 'Wesley Safadão']",2pBEAodCImE4LgbKAG4bfz,BELO HORIZONTE
Cali Dreams (feat. The Beach),"['Vintage Culture', 'Fancy Inc', 'The Beach']",4S5uBAB6Jl4IsMzwBpt2Rf,BELO HORIZONTE
Um Brinde pra Nós,"['Hungria Hip Hop', 'Mc Lipi', 'Dj GM']",2B7EEPMfJWOG7VWpCkBtZy,BELO HORIZONTE
"Ele É Ele, Eu Sou Eu",['Wesley Safadão'],7EWXP47VlXKO3r7mNxuWHw,BELO HORIZONTE
Louco e Sonhador,['MC Neguinho do Kaxeta'],6hdBsNsVESpjbnVClbUa3y,BELO HORIZONTE
Isca,"['Jonas Esticado', 'Wesley Safadão']",5zdIuIo9uQ2E8ly4rypcRi,BELO HORIZONTE
Camisa do Flamengo,"['MC Meno K', 'DJ 2L da Rocinha']",7AjPEsSw5XH8Prczu0ADY6,BELO HORIZONTE
Esquema Preferido,['DJ Ivis'],27X3qzgB0Show6qfw5wNOK,BELO HORIZONTE
Mega da A2M,['Various Artists'],7KXmcR2d56JcUiCfuDMiXK,BELO HORIZONTE
Tú Já Sabe O Macete,['Dj Rayan'],2BS3ERbu0wMUcqwtK3Vvtl,BELO HORIZONTE
Esses Vícios,['Zé Neto & Cristiano'],2InUVOBY515umeuwdQtsQ4,BELO HORIZONTE
Você Não é de Bar - Ao Vivo,"['Fernando & Sorocaba', 'Guilherme & Benuto']",5KFEB8X5Xmpmsv5j8rHjML,BELO HORIZONTE
FALA MAL DE MIM,"['PEDRO SAMPAIO', 'Daniel Caon', 'Wesley Safadão']",5glMxRMRHGBRj6bydBjoPM,BELO HORIZONTE
Ex de Alguém - Ao Vivo,['Rayane & Rafaela'],1RgGlhBrccCM63CjvfXaR7,BELO HORIZONTE
Mtg - Vem Sentando Vem (feat. Dj Nbeat) - Remix,"['MC 2jhow', 'MC Fahah', 'Mc Rennan']",2Xgc216OMnc9PyUalpaSPc,BELO HORIZONTE
Ilusão (Cracolândia),"['MC Hariel', 'Alok', 'MC Ryan SP']",6WXglvTFRmjlHHhgjYMNif,BELO HORIZONTE
Camisa Preta,['Guilherme & Benuto'],29Ctas4IXYei0t9fGnnxgU,BELO HORIZONTE
Deixa de Onda (Porra Nenhuma),"['DENNIS', 'Xamã', 'Ludmilla']",0DlHQxrVijRqVUfuS6PKaY,BELO HORIZONTE
Acertou na Mosca,['Tierry'],0SlCt3S4bEGUPo07yZIlQP,BELO HORIZONTE
Um Dia de Você e Eu,"['Montenegro', 'Jorge']",6nif74PCtvUn1DA9CEmHCp,BELO HORIZONTE
Branca de Neve,"['Mc Mika', 'Dj Wesley Gonzaga']",5QEQIXcLHsr0QRBXHLwSOg,BELO HORIZONTE
MODO TURBO,"['Luísa Sonza', 'Pabllo Vittar']",0YqTL3nSL36OFdHwHoqCag,BELO HORIZONTE
Chega,['Eduardo Costa'],4wnT3npoGSR376SvVWlq6Q,BELO HORIZONTE
Mega do Crazy,['Dj Nattan'],3h6tKI86wfmU0OsmaqDx1Z,BELO HORIZONTE
Nega Chegando,"['O Boy da Seresta', 'Menor Nico']",5XyDFMwY1NTIlkbzcfVyl3,BELO HORIZONTE
Amor ou o Litrão,"['Petter Ferraz', 'Menor Nico']",7qmnP8Woc47dLSrMD5MxL1,BELO HORIZONTE
O Golpe Tá Aí,"['MC Matheuzinho', 'Menor Nico']",5Y3ItQ4r4sgw0KvHxP9sbt,BELO HORIZONTE
Razão das Minhas Biritas,['Luíza & Maurílio'],3qqfukkcLElVkOWFyzHmSk,BELO HORIZONTE
Pouca Roupa - Ao Vivo,['Ícaro e Gilmar'],2nOGBQxPrhZfbPtuSXozuI,BELO HORIZONTE
Rainha da Favela,['Ludmilla'],3vu864xi5Xis9VfOsJpmXu,BELO HORIZONTE
Escolhe,['João Gabriel'],72HFjOzjkXnOc37fAlmXNB,BELO HORIZONTE
Acredita,"['MC Paulin da Capital', 'Dj GM']",3QLk7GwoJ1k08idUqahbBl,BELO HORIZONTE
Quer Esquecer sua Ex Mulher Vem Pro Cabaré,"['Nêgo Jhá', 'Mc Pierre', 'Dj Guuga']",3xBYCXi1LBsQPGE08M3iAP,BELO HORIZONTE
Amor ou o Litrão - Brega Funk,"['Mila', 'Petter Ferraz', 'Menor Nico']",4WcskbAX3wImaennFI79Ll,BELO HORIZONTE
Eu Vou Tirar Você do Cabaré,['Israell Muniz'],7IvxwaADtpY4PQB11yt9oF,BELO HORIZONTE
Senta Concentrada,"['MC Mari', 'MC Ws']",67zBVbq2krO4rNo6bY6Qzg,BELO HORIZONTE
Para Raio - Ao Vivo,['Diego & Arnaldo'],4DrqASok6iWYIhkPxrw7u9,BELO HORIZONTE
Atriz Pornô,"['Sidoka', 'MC Rick']",59furQuaJLHvc8tfAvJHHi,BELO HORIZONTE
Ouvindo Marília,"['MC Junin RD', 'Mc Julim']",02Thsb1l2si0Wanro6a1gV,BELO HORIZONTE
Made In Coração - Ao Vivo,['Matheus Gabriel'],1Y336S16A8sj8OwGCYmXKh,BELO HORIZONTE
Prints,['Gabi Martins'],7x9kGxiyFxQjMZYbzw1yMx,BELO HORIZONTE
Marca de Batom - Ao Vivo,['André Luiz & Gustavo'],2277cHOe26axpDb8AifqIr,BELO HORIZONTE
Tudo Indica (feat. Jorge & Mateus) - Ao Vivo,['Marcos & Belutti'],0eoMMLrWtXbLk64baeESkc,BELO HORIZONTE
União Dos Djs,['Dj Ph Da Serra'],2OFQaR9BOqLt0kmlMwaAY2,BELO HORIZONTE
Da Cama Pro Coração,"['Ciro Netto e Manuel', 'Guilherme & Benuto']",7lc3EORoGIEpQmZPMeoQKg,BELO HORIZONTE
4G,['Max e Luan'],0Xyai3VqkT2sujXvF58zDQ,BELO HORIZONTE
Vou Valendo - Ao Vivo,['George Henrique & Rodrigo'],4OujRBkm3MgW8GzdGkefbW,BELO HORIZONTE
M4,['Teto'],07AQkmp456NpEnT8HR7WLy,BELO HORIZONTE
Voando Alto,"['Pacificadores', 'Hungria Hip Hop']",0icMH5J8ZzboYQm56kVVjC,BELO HORIZONTE
Crédito,['João Gustavo e Murilo'],75XkdiDbE77G7avTZnEDLB,BELO HORIZONTE
Letícia,['Zé Vaqueiro'],2R1OgezGfBMeiAcMpJ1EkH,BELO HORIZONTE
Elas Gostam de Gasolina - Ao Vivo,['Anderson & Vei da Pisadinha'],3tkEf7vw4zDBFAQxY1vdcv,BELO HORIZONTE
Tapão Na Raba,['Raí Saia Rodada'],58pgi1RpcU2fVJsxhm7BIr,BELO HORIZONTE
Bruninha (feat. Tierry),['MC Kevinho'],6vieZYXc6xJ1hY1SxRNpYd,BELO HORIZONTE
Faz a Pose,"['MC Teteu', 'MC Ks', 'Dj Serpinha']",1sTVKLLFDfAfowsG4bRBN4,BELO HORIZONTE
É Só Botada,"['MC Levin', 'Caverinha']",07c9lzwx1IIm101PnB4BZu,BELO HORIZONTE
A Roça Venceu,['Antony & Gabriel'],45vmdvdyhA8zTffT9TqB6M,BELO HORIZONTE
Poesia Acústica 10: Recomeçar,['Various Artists'],4pwFy4YPNGMxK2P2FfQfvt,BELO HORIZONTE
Vai Tomando Foguenta,['MC Yuri'],3SwHWvT7Uze9CqI5LJowv5,BELO HORIZONTE
Não Me Negue,['Allana Macedo'],67I9GYwgsDUPiyzlgd6XSz,BELO HORIZONTE
Natalia,['Enzo Rabelo'],2Dk23qo2rzJlO8mlKWsbbd,BELO HORIZONTE
Tá Faltando Eu,"['Luan Estilizado', 'Jerry Smith']",4M5cQfczdKFxPdfS8oKrLJ,BELO HORIZONTE
Raparigagem,['Paulo Pires'],0rRP8iS0h0R8V4EckG5lkp,BRASÍLIA
Amor de Boate - Ao Vivo,['Dan Lellis'],0LzNTuFzFEhTD7Y0EJP2QB,BRASÍLIA
Mylena,['MC Bruno da BZC'],2xe1rmi66VoZh2htUyVj9N,BRASÍLIA
Maior Sofredor - Ao Vivo,['Israel & Rodolffo'],6IcBoMgMxzZHQMZwgbsxC8,BRASÍLIA
Vou Beber Tentando,['Dalmi Junior'],5bDJQgHakMzovvGeIlpe6O,BRASÍLIA
American Pie,"['MC Guguzinho', 'DJ WS']",4SsQFKbcER8LQQVKB6ygGq,BRASÍLIA
Status,['Jansen'],78CqAW1jikQWizEN594dC3,BRASÍLIA
Jogo da Vida,['Pacificadores'],08aK6kcLRR8y09G2q3YYtP,BRASÍLIA
Opala 71 Azul,['Tropa de Elite'],4GEWVs7rCGOsrBtwRGRuwe,BRASÍLIA
Hit do Ano,['Jorge & Mateus'],77thl1ZG6v86i7us2LztP8,BRASÍLIA
Sentada Braba,['Neto LX'],5dMnHbkawBvPQu5QvZsRav,BRASÍLIA
Brilhando pra Sempre,['Rachmemo'],6xQKtcKSWC93lOyRwrMPcM,BRASÍLIA
Super Ex - Ao Vivo,['Gusttavo Lima'],4sCgnIAtZWlMfY7h4h8dI0,BRASÍLIA
Esquece de Me Esquecer,"['Zé Felipe', 'Gusttavo Lima']",1NXeltgzjQeiC4hbf2XNVr,BRASÍLIA
Buzina - Ao Vivo,['Diego & Victor Hugo'],0yOYdil5IO9tW7wraM9C3r,BRASÍLIA
Um Brinde pra Nós,"['Hungria Hip Hop', 'Mc Lipi', 'Dj GM']",2B7EEPMfJWOG7VWpCkBtZy,BRASÍLIA
Esquema Preferido - Ao Vivo,['Os Barões Da Pisadinha'],35qOGx1CWvCkQFOv4BkVIV,BRASÍLIA
Troca de Calçada,['Marília Mendonça'],4AAIAVjSyiq1N7SXKkwXZe,BRASÍLIA
Furacão de Ninar,['Tribo da Periferia'],4EKO1fU1ffnj5hvwba5tqf,BRASÍLIA
Obsessão,"['Tarcísio do Acordeon', 'Xand Avião']",45VwBKT35ADQXaD1tZ6KXw,BRASÍLIA
Pare Com Isso,['Hugo & Guilherme'],4jXMQ5uwhD0y1O6eNWGbR6,BRASÍLIA
Tapão Na Raba,['Raí Saia Rodada'],58pgi1RpcU2fVJsxhm7BIr,BRASÍLIA
Boca Rosa,"['Mc Vittin PV', 'DJ Swat']",1IDd3GbBn1en5ydr6y6LoZ,BRASÍLIA
Vulnerável,['Guilherme & Benuto'],2IjoWKr94wfZ68TzQee4X6,BRASÍLIA
Isca,"['Jonas Esticado', 'Wesley Safadão']",5zdIuIo9uQ2E8ly4rypcRi,BRASÍLIA
Volta Marcada,"['Avine Vinny', 'Japinha Conde']",75CS36Nn8aetRR5eksZMbB,BRASÍLIA
Cê Tá Preparada - Ao Vivo,['Tayrone'],2CYNz1k93hhq1TLDkkh4jo,BRASÍLIA
Estilo Dub,"['Lupper', 'ÉaBest']",2rF61wkbm5OqiCVhvYSkdU,BRASÍLIA
Tá Apaixonado Babaca,['Biu do Piseiro'],71AFrAKw1FLNJ7OQVwKggB,BRASÍLIA
Esquema Preferido,['DJ Ivis'],27X3qzgB0Show6qfw5wNOK,BRASÍLIA
Eu Vou Tirar Você do Cabaré,['Israell Muniz'],7IvxwaADtpY4PQB11yt9oF,BRASÍLIA
Cali Dreams (feat. The Beach),"['Vintage Culture', 'Fancy Inc', 'The Beach']",4S5uBAB6Jl4IsMzwBpt2Rf,BRASÍLIA
Meia Noite,['Zé Vaqueiro'],2ylAocQwOgzelMbW9KJL56,BRASÍLIA
Ela Aperta a Minha Mente,['Xand Avião'],1T3hcBQRwacjWLuJJFt8co,BRASÍLIA
Último Beijo,"['Bruno & Marrone', 'Wesley Safadão']",2pBEAodCImE4LgbKAG4bfz,BRASÍLIA
Acertou na Mosca,['Tierry'],0SlCt3S4bEGUPo07yZIlQP,BRASÍLIA
4G,['Max e Luan'],0Xyai3VqkT2sujXvF58zDQ,BRASÍLIA
Nega Chegando,"['O Boy da Seresta', 'Menor Nico']",5XyDFMwY1NTIlkbzcfVyl3,BRASÍLIA
"Ele É Ele, Eu Sou Eu",['Wesley Safadão'],7EWXP47VlXKO3r7mNxuWHw,BRASÍLIA
Um Dia de Você e Eu,"['Montenegro', 'Jorge']",6nif74PCtvUn1DA9CEmHCp,BRASÍLIA
Roxinho,['Vitor Fernandes'],0ItJvt7npJ3Mw9mefto5Sn,BRASÍLIA
Esses Vícios,['Zé Neto & Cristiano'],2InUVOBY515umeuwdQtsQ4,BRASÍLIA
218,['Zpec'],2S7sUNmg3aMKKFoQl3MKpd,BRASÍLIA
FALA MAL DE MIM,"['PEDRO SAMPAIO', 'Daniel Caon', 'Wesley Safadão']",5glMxRMRHGBRj6bydBjoPM,BRASÍLIA
Tira um Tempo Pra Ela - Ao Vivo,['Ícaro e Gilmar'],0WT6xcCmFY7dHY1wPqqFTS,BRASÍLIA
Morena,['Cavaleiros do Forró'],1NwfsZ9RW0Iq16RpxKIUXU,BRASÍLIA
Razão das Minhas Biritas,['Luíza & Maurílio'],3qqfukkcLElVkOWFyzHmSk,BRASÍLIA
Último Pedido,['Os Parazim'],0efaXmYra0ajRvgp1iyDH3,BRASÍLIA
Beijo das Galáxias,"['Eric Land', 'Wesley Safadão']",4z1hlWTFVq9ftrcCxxvcwt,BRASÍLIA
Bebo da Branca (feat. Hugo & Guilherme),['Mariana Fagundes'],7CSJkSY14xd8dtQMc1zeop,BRASÍLIA
Desce Deslizando,"['Lucas Boquinha', 'Eric Land']",3pAmu2snfRsk8tyGx5WtEb,BRASÍLIA
Nem Vá,"['Matheus Fernandes', 'Zé Neto & Cristiano']",3MM4J90BLKgagDOMSt5wKM,BRASÍLIA
Fora da Lei,['Zero 61'],6z39edfnIggvXkglkWz3NS,BRASÍLIA
Da Cama Pro Coração,"['Ciro Netto e Manuel', 'Guilherme & Benuto']",7lc3EORoGIEpQmZPMeoQKg,BRASÍLIA
Sabadou,['Pisadinha De Luxo'],4YSmU8TOdkTQXJuSqBPt4Y,BRASÍLIA
Não Te Quero,['NATTAN'],3rnso1KNGrkXfqNTlBXdPH,BRASÍLIA
Você Não é de Bar - Ao Vivo,"['Fernando & Sorocaba', 'Guilherme & Benuto']",5KFEB8X5Xmpmsv5j8rHjML,BRASÍLIA
Tô na Promoção,['Felipe Salles'],5t218RU3PGlAjQbAAk3UHW,BRASÍLIA
Quer Esquecer sua Ex Mulher Vem Pro Cabaré,"['Nêgo Jhá', 'Mc Pierre', 'Dj Guuga']",3xBYCXi1LBsQPGE08M3iAP,BRASÍLIA
Prints,['Gabi Martins'],7x9kGxiyFxQjMZYbzw1yMx,BRASÍLIA
Ex de Alguém - Ao Vivo,['Rayane & Rafaela'],1RgGlhBrccCM63CjvfXaR7,BRASÍLIA
Senta Concentrada,"['MC Mari', 'MC Ws']",67zBVbq2krO4rNo6bY6Qzg,BRASÍLIA
Ô Moça,['MC Zaquin'],1mQOFRDoqI34LdN79PE0vH,BRASÍLIA
Deixar,['Mappia Veraz'],5OfiO3KYnRYT3aBRciNA6T,BRASÍLIA
MODO TURBO,"['Luísa Sonza', 'Pabllo Vittar']",0YqTL3nSL36OFdHwHoqCag,BRASÍLIA
Escolhe,['João Gabriel'],72HFjOzjkXnOc37fAlmXNB,BRASÍLIA
A Pior Parte,['Renno'],5It3UpCRrZM6SJTL8dIQOV,BRASÍLIA
"Tá Solteira, Mas Não Tá Sozinha","['Ivete Sangalo', 'Harmonia Do Samba']",2LjR7I43VZIOtZb3lzmpcS,BRASÍLIA
Crédito,['João Gustavo e Murilo'],75XkdiDbE77G7avTZnEDLB,BRASÍLIA
Quem Ama Bloqueia,['MC Rick'],5PaS0Kb9u2zhDGeKOUGvXG,BRASÍLIA
Vou Valendo - Ao Vivo,['George Henrique & Rodrigo'],4OujRBkm3MgW8GzdGkefbW,BRASÍLIA
Tá Faltando Eu,['Luan Estilizado'],3gY2oyydautEwY7SsQeF4Q,BRASÍLIA
Camisa do Flamengo,"['MC Meno K', 'DJ 2L da Rocinha']",7AjPEsSw5XH8Prczu0ADY6,BRASÍLIA
Adorei,['Grupo Menos É Mais'],6rfNbeEGCh8M5AAj879g0r,BRASÍLIA
Elas Gostam de Gasolina - Ao Vivo,['Anderson & Vei da Pisadinha'],3tkEf7vw4zDBFAQxY1vdcv,BRASÍLIA
Até Na Transa Você Não Larga o Lança,"['Mc Kitinho', 'MC Luiggi', 'Mc Yago']",00I29V4jIc7hAifIn1mtnb,BRASÍLIA
Carro Do Ovo,['Simone & Simaria'],4H52V2O75kYklfqz79gIRw,BRASÍLIA
Pode Penetrar,['Forró do HF'],4zPmDy4itRvmq20ketPIqa,BRASÍLIA
Deixa de Onda (Porra Nenhuma),"['DENNIS', 'Xamã', 'Ludmilla']",0DlHQxrVijRqVUfuS6PKaY,BRASÍLIA
Te Amar Demais / Best Part - Ao vivo,['Ludmilla'],1zl7WDDCPttJSLWEhFJG3r,BRASÍLIA
Mtg - Vem Sentando Vem (feat. Dj Nbeat) - Remix,"['MC 2jhow', 'MC Fahah', 'Mc Rennan']",2Xgc216OMnc9PyUalpaSPc,BRASÍLIA
O Golpe tá aí Cai Quem Quer,['Dj Guuga'],5kZCL0ezvt1EEDyPojBPWH,BRASÍLIA
Moça do Interior,"['Zé Ottávio', 'Vitor Fernandes']",4Z59FmXUCcZOirTLVfC7iO,BRASÍLIA
Amor ou o Litrão,"['Petter Ferraz', 'Menor Nico']",7qmnP8Woc47dLSrMD5MxL1,BRASÍLIA
Bebe e Vem Me Procurar / Quem Ama Sente Saudade (Ao Vivo),"['Turma do Pagode', 'Grupo Menos É Mais']",5A4DlgM68SnFSKImnMeiUH,BRASÍLIA
Ilusão (Cracolândia),"['MC Hariel', 'Alok', 'MC Ryan SP']",6WXglvTFRmjlHHhgjYMNif,BRASÍLIA
Solidão,"['MISAEL', 'Krawk', 'ÉaBest']",7Jsbq5HHKZT7QiKi5alLlN,BRASÍLIA
M4,['Teto'],07AQkmp456NpEnT8HR7WLy,BRASÍLIA
Nunca Encontrei,"['Malibu', 'Grupo Menos É Mais', 'Ferrugem']",3HfCqsCsNIti28HMUqWJZK,BRASÍLIA
Oclin e Evoque,"['Tropa do Bruxo', 'Djonga', 'MC Rick']",3PnDIGbfmswMaxX386zp3X,BRASÍLIA
O Golpe Tá Aí,"['MC Matheuzinho', 'Menor Nico']",5Y3ItQ4r4sgw0KvHxP9sbt,BRASÍLIA
Privilégio,"['MC Luan da BS', 'Mc Vitin do LJ', 'MC Marley']",2ASs0n7ukfyxAxDtdir4vF,BRASÍLIA
Tudo Indica (feat. Jorge & Mateus) - Ao Vivo,['Marcos & Belutti'],0eoMMLrWtXbLk64baeESkc,BRASÍLIA
Amor ou o Litrão - Brega Funk,"['Mila', 'Petter Ferraz', 'Menor Nico']",4WcskbAX3wImaennFI79Ll,BRASÍLIA
Vai Tomando Foguenta,['MC Yuri'],3SwHWvT7Uze9CqI5LJowv5,BRASÍLIA
Pisa Menos,['Gabriel Costta'],7JBL5xms9d22Mx2F04ikXo,BRASÍLIA
Não Me Negue,['Allana Macedo'],67I9GYwgsDUPiyzlgd6XSz,BRASÍLIA
Romance Desapegado,"['Conde do Forró', 'Japinha Conde']",54OqGd3dmug64db0ZtOtF4,BRASÍLIA
Marca de Batom - Ao Vivo,['André Luiz & Gustavo'],2277cHOe26axpDb8AifqIr,BRASÍLIA
Golpe Trocado,['Mc Frog'],0nGOQOcurYXEWKcWi2ZrQo,BRASÍLIA
